MolWt,LogP,NumHDonors,NumHAcceptors,TPSA,NumRotatableBonds,AromaticProportion,logS
249.81604753894499,2.8871319981382157,6,8,34.79206441739631,14,0.08018001408190345,-5.498952944079329
480.2857225639665,1.7526745644088426,3,6,58.6358993858272,1,0.3547712918359842,-10.137778217708346
392.797576724562,0.1666933140042941,5,0,89.17145027792596,8,0.941725711618925,-9.278005476545571
339.46339367881467,3.6965651379486406,7,11,74.5150288288754,7,0.668572646722914,-5.826271656526009
162.40745617697462,2.7931182078771553,7,3,148.1678280322331,13,0.6786699566725648,-8.219001326279534
162.39780813448107,-0.8616814245857609,2,3,20.46596288350997,2,0.36191999083786497,-1.047089324155997
123.23344486727979,4.376490291456897,7,8,104.27168310713907,7,0.5936607912085384,-4.285424051834366
446.47045830997405,3.7577607004621827,6,5,60.64781521564382,11,0.010131184027743378,-11.3977323998838
340.4460046972835,4.648599393043468,4,8,64.22994223884221,0,0.6360960464095422,-7.901756525981779
383.2290311184182,3.08003655871852,0,11,107.63966484872644,9,0.9132869475762367,-11.51339318139783
108.23379771832097,2.293906371550529,6,5,103.86542269865545,3,0.6125734683448192,-3.5496563734995137
487.96394086479773,0.9277012540343321,4,5,148.68839905532823,2,0.873698593466345,-12.883187893168921
432.9770563201687,4.529099383478092,5,4,19.259143418118786,5,0.7239730554660938,-10.028129766207332
184.93564427131048,4.062447226502859,7,4,15.61644740762495,6,0.12055841640369025,-2.8960127941367535
172.72998688284025,-1.6834693092566742,5,1,108.65082256931117,3,0.9024533072858417,-2.2705332526536957
173.36180394137352,-1.815431178519236,7,7,86.75803755096136,6,0.06644384435577488,-1.6741875438271165
221.69689718381508,0.6352435681463473,0,7,41.12409998397088,8,0.5339674725477638,-3.4366774807254856
309.9025726528952,3.6738733154728305,1,10,11.91290534834799,10,0.14213712379345766,-6.693383565491358
272.7780074568463,4.910932905204612,0,0,12.84873743946458,1,0.011706610730904066,-7.9319438567554155
216.49165607921677,-0.9470817622753027,3,7,134.12863119961773,10,0.422034260127639,-6.134968565427299
344.74115788895176,2.1589150074649464,6,4,28.780098707811437,2,0.29504070765415624,-6.0698074315320225
155.79754426081672,0.6662359964171505,2,1,48.50573431732811,4,0.486000493797603,-3.076749118072503
216.85785941408727,4.789400784702222,1,1,33.998460334048204,2,0.5771998867345508,-6.395153836251328
246.5447373174767,3.894832461949961,0,5,53.249445874790595,10,0.04373907230894736,-7.132434589150419
282.4279936868144,3.8683009329779647,4,10,10.413576411914004,7,0.12300329512374564,-5.369412346073832
414.07038455720544,1.280852118564792,1,8,77.85896863624056,11,0.5586423964504253,-9.904966095679313
179.8695128633439,0.9037365163636562,6,0,10.141884538832235,9,0.34316735317265823,-3.3640750034967715
305.69377536544465,-0.08615049648505635,7,11,120.05347617335424,7,0.729173487549448,-4.130886886039446
336.965827544817,-1.6053715234435102,1,5,35.056812286564956,7,0.6522916485919397,-4.112365639860995
118.58016508799909,4.053056633785372,7,8,81.0017871906766,11,0.8456043629899068,-2.9336965656977596
343.01794076057536,3.6903070639105433,6,7,132.01186313421874,11,0.6924928266692253,-11.512959916668356
168.2096494749166,4.998023713002914,0,10,97.63160535707912,8,0.42993107739014813,-6.747726571545089
126.0206371941118,4.976457859517337,6,5,79.94366798270029,3,0.6729666223944324,-3.6098583226729763
479.5542149013333,1.8880219392183921,1,2,48.65006296730634,4,0.2753811742554185,-11.837546521916316
486.25281322982374,3.3829119062635735,4,7,49.95028695872969,4,0.3063134987782127,-11.077044890557378
423.35893924658444,4.6133601091769965,5,8,100.42304327972852,7,0.7889851599207933,-12.135764098452606
221.84550766934828,3.9475317347418803,1,0,149.12090418317513,6,0.4464195164015822,-10.528653440502163
139.06884560255355,-0.2685632877976163,6,11,99.27587847740679,8,0.7983803405183525,-0.3168262534127164
373.69321060486277,1.1538089471706545,5,8,83.66751260550373,14,0.8224223736682784,-8.330513173942421
276.0609974958405,-1.0958840939395351,6,5,109.59757653588692,14,0.8575623376612838,-4.7257946517434375
148.81529393791152,4.678357190811057,4,5,69.78084184255772,13,0.9166352358412073,-5.149617771977103
298.0707640445081,2.24322244115616,6,11,9.021351390117783,7,0.43098522051329624,-2.719190270699193
113.75540844608736,-0.39950036147576107,0,3,84.34452238168647,1,0.31886681832113883,-3.2912479307269784
463.7281608315128,2.701904790840997,2,0,143.64379267580702,9,0.5821987465941139,-16.273999662401213
203.51199264000678,2.326897683205271,7,9,26.295441353648947,11,0.3711724234376276,-2.1566923274009326
365.0089137415928,0.5071390262298836,7,7,103.50073362309986,3,0.601074166800233,-6.438756995661226
224.6844304357644,-1.2050968546025969,1,1,30.140053298858472,5,0.7055858626438246,-3.704285937278389
308.0272084711243,2.7010123691495975,2,11,80.37415267096219,11,0.6884050184921369,-7.827004589051447
318.68411173731187,1.642153906326553,6,0,14.501467447007943,1,0.37455288702012135,-5.144681095752445
173.94178221021082,3.406228742149475,4,1,67.55564043872778,6,0.16686020169875282,-6.394258233334877
487.83385110582344,1.6411445077839537,1,0,113.4244993342869,2,0.43052933846220753,-14.014832922353703
410.05312934444584,3.9652705022297807,6,0,52.135728635847315,12,0.14259414408190874,-11.627414399217795
475.7995766256756,1.8633478714213987,5,8,99.7367586730827,2,0.8900970351838083,-11.55212623777705
457.93094017105955,1.9265658007477038,3,0,119.31749411845938,10,0.3458774607378574,-14.558853924774425
339.1599915244341,4.1365752186084155,6,3,139.0766729219179,1,0.15445974722332378,-10.704545821859668
468.74969400924675,0.8243800634867791,2,9,35.19631227831803,10,0.025447759905750877,-10.07618146953268
135.3970008207678,-1.061893400845515,1,5,59.89738737139622,7,0.6458223862864843,-2.500413101349954
178.3931449676581,-1.7985212658066272,2,6,22.862401999562614,5,0.6369023174547432,-0.3585313001881712
118.09091556421522,3.2859607897153333,1,1,148.8725253237563,0,0.34060416658129167,-7.520271793445769
230.13213230530573,2.3421668594742524,6,5,139.0501451886443,11,0.071711888847651,-8.095290252342235
255.4709158757928,2.928558376694565,0,6,80.99356954208393,0,0.409628894895232,-7.486794804053792
208.53961270955836,-0.5092508694376248,5,9,126.3049941564632,6,0.3112174950633936,-3.2109589002631997
431.4950036607717,-1.0453996708926117,6,9,78.14369659080633,7,0.6771206397350094,-5.127809620367141
242.70133067743572,-1.8981873403248266,7,1,93.53785320041396,4,0.6057792494526903,-2.893502765877114
212.3738038749523,0.45411291164617884,2,1,13.368664817402493,11,0.36459372819754,-3.9079198389256486
317.0784332632994,2.1294238079824312,3,9,113.29056307452119,10,0.2178925542549901,-8.978243639143033
156.36968998990505,0.7457083156981263,3,6,19.157022545285223,4,0.9880359661555919,-1.6063798280681838
420.8787923016159,1.0623244541661032,4,11,123.91014453787926,3,0.45400162119611487,-8.998765292991033
129.82025747190832,4.329110861456239,1,0,117.30421315055789,13,0.688274235780237,-7.933790731387809
494.7547746402069,0.4377882691631023,2,7,106.31170466144647,5,0.14055296757836078,-11.40971353570628
408.89790771866296,1.5979264241186755,4,10,5.424057078714317,13,0.4855896996593978,-6.033197414518609
179.48627261366897,3.485571089188001,2,2,45.46925339179929,5,0.027536719869465487,-6.26070449716633
102.20884684944096,0.7757994762488911,7,10,39.46688548662643,2,0.50545511791045,1.8514560317082238
426.18457138193367,2.3546069015951145,1,5,54.020461120727866,8,0.9640174071177023,-10.863436752748308
382.74293753904686,4.036545961227216,6,8,13.14641201457578,11,0.3842067129858002,-7.590670001182476
391.60286721639494,4.646644365603494,6,5,140.54367345465943,10,0.03899601257491159,-13.387631107021308
408.5081386743783,-0.9704856334967344,3,8,83.07033610685644,13,0.03095579091934353,-7.010481186433595
129.61786069363615,4.486113376130461,6,6,45.82864659870353,6,0.3879867599468695,-1.235425084242056
243.38629141770903,1.4448140515567673,6,8,59.54722756114251,0,0.16002493646319405,-2.5966729636710517
146.34762381005189,-0.19228928190729144,7,1,67.08038107572534,14,0.023352096328185912,-3.719116957279292
445.2413703502374,1.2139502936678292,0,11,90.08915000409259,12,0.7562136139501768,-10.658829662629998
349.3192507310232,4.860228026998339,3,7,77.35191415447467,6,0.4585230088818907,-9.321183025678252
232.35920994105967,1.448326657950087,4,7,137.90879598216262,4,0.2892447719726545,-6.895729686135308
125.42334011440946,0.3012612720125576,5,1,74.54452243587454,4,0.9000831830164807,-1.9331558850415722
224.3929286862649,2.4338059802170804,0,11,148.8237022234969,13,0.11613896020052561,-9.27184659772169
230.07332881069883,-0.3189806685526486,4,3,127.71374366176437,12,0.9559188289553192,-5.920528998110319
391.84247133522564,-1.4689567032393525,1,10,31.27657715360037,1,0.3139667173773528,-4.349484010016771
355.0229885420853,-1.0978419466254554,0,6,139.58928219658745,3,0.8884036723086812,-8.473316921050673
454.88509703053063,-1.1036791272955928,7,10,17.454959682821414,11,0.6029428764794615,-4.004042122097998
288.8859700647797,-0.9366811454139397,4,3,122.61745627367874,5,0.8267073597414875,-6.6263207139585525
147.83769837532068,-1.028209791454129,1,3,57.09349402148701,9,0.9840131632104643,-2.8771259517944756
385.297914889198,2.486123213622502,3,5,131.69614806676043,14,0.2884054378187457,-13.012105756189325
404.31401944675895,-0.7268394092059862,5,9,130.20850351611756,10,0.961135485407593,-7.585766292876697
324.5108790277985,0.41967098326704244,1,5,120.88881001764317,6,0.38948189490242036,-8.410675684101653
408.3868719818244,4.2775188693420825,6,9,118.5045654460592,10,0.3855119047369223,-11.298674897896412
297.5182385457563,1.3177314818401067,2,2,45.701870864706116,4,0.3403871042545057,-5.582485136066767
309.0931317527976,2.6729041696471905,1,8,12.137892457687826,8,0.5414076073475852,-5.968967153268602
271.0164073434198,-0.7937609015885911,1,11,60.44702681477422,2,0.1541450431784871,-3.181836978798184
110.16765069763808,-0.6539768683393046,5,9,26.0286772479763,0,0.5537114853580112,0.8680889023946934
143.15657079732176,-1.713919686134648,2,10,104.24266333536926,3,0.541704812410004,-1.9844561676917212
112.5716742746937,-0.8174545584948483,6,1,51.91495898066783,8,0.76190181260487,-1.125994204714346
354.56416450551217,-0.04986762677628964,4,5,146.34153012898724,3,0.8336499619375856,-8.409827201482255
225.74239243053069,-0.7609266100627723,4,11,96.1458116017998,1,0.44044135031242404,-2.5370464589212482
303.42827646588114,-1.3790822637006106,1,6,123.37208454515414,9,0.30233324935149375,-7.165740215409748
463.0265895704372,-1.1555489022957943,7,11,19.878700911277264,13,0.25933489731709447,-5.5990586769318575
199.71689165954996,1.2254513762290804,7,8,129.30217234089338,13,0.19462383670487193,-5.352330890277172
264.1531692142519,-0.5556639711594524,2,2,138.41357857700916,4,0.05764758219902488,-7.35683860876301
402.22045541721945,0.549889027336528,2,9,73.05928782284039,2,0.34244797883471334,-7.47034555388351
191.51926619664897,1.523920895983998,6,2,90.93794066264661,12,0.27024769213078326,-5.340296829995708
130.7919639315172,2.832763800405557,5,6,114.72147013544932,11,0.9664173858664074,-4.687230968756492
215.90058116550722,-1.7248150211123074,3,3,26.225794089061882,12,0.5577088262500439,-2.1769126555432154
164.48851490160177,3.5958727923632985,4,7,75.38491146951637,8,0.34727703903050755,-4.997256396059752
471.87906093702924,2.3953027264363547,5,6,59.79945416584697,3,0.580467600993696,-10.05248440131125
423.2481518257668,-1.4276867763578966,0,4,21.956098824337367,5,0.1391967013456955,-6.739655081642927
353.36150260416935,4.115050368747441,4,6,55.13016334372971,1,0.4440437492022029,-8.06300012041591
448.58423607508706,4.446106803722692,5,2,10.225846407824035,5,0.6262343214210638,-11.016039145154487
421.4688307596458,-1.5724542810159536,4,11,3.8717860424230475,2,0.4888978317924514,-4.011828898461962
174.62802355441434,-0.06185646296957392,3,1,20.274943373223415,11,0.40177880065432425,-2.462776872402034
457.0235993959911,3.6434089585514293,0,5,144.46726673837608,11,0.9938483888996982,-16.34880634452928
315.7368967662603,3.237817832685608,7,1,82.42943038425254,8,0.880314762148927,-8.82118041086419
422.976062065625,-0.7083528645053587,7,2,144.873324172983,10,0.6234059581594401,-10.084018975611796
458.4365199693973,-0.5345547366430279,3,5,64.8746817495198,1,0.5693773611822828,-8.60697626821516
227.20138998874555,0.5933047195396739,6,4,46.77241996278894,14,0.620660479824584,-3.0824693229082367
144.0207698110707,1.3916608963371493,0,7,75.92127942603662,11,0.20131210782243325,-4.561122088565257
191.17406501677667,2.3277834007120717,1,8,65.92675329493652,11,0.3951377432643186,-4.878257403265656
270.8431154505025,0.582395476988407,5,10,15.849702639261587,8,0.03945953289089932,-2.9924158498650932
427.20590636899726,1.237743012932035,0,2,96.12394720353093,4,0.47554603748682667,-11.033916292833775
444.2922333025374,3.232296566936296,6,11,32.40572737643994,7,0.5430245839576632,-7.930315241183383
102.78085221247628,-1.7432175797658147,6,9,92.93819323467444,1,0.2277497361032096,0.27749152600821847
304.2989210310263,-0.23294138959185462,3,2,97.530163859723,5,0.9640288471655137,-6.601150880956068
266.9644012595116,2.993447101191867,4,2,22.803727969297217,2,0.909454610937242,-6.150257165378401
188.8431241882921,4.266447863810395,0,5,9.202444066600224,11,0.7221432354559059,-4.660240918266474
147.94614693347313,1.581742094809663,5,0,117.11423791026597,11,0.5333866287653626,-6.770069258524435
235.0460685614512,1.7247943968572095,0,6,68.97006356539802,13,0.869969159647685,-6.854342770841656
477.16388156500767,-1.2497959206215676,2,11,8.724569325821369,9,0.1306523438234629,-7.352163172472141
229.2811728083021,1.1318865677641825,4,0,149.22994757546508,4,0.790509794274885,-7.761467447860085
307.51624869734644,1.7283208651851623,5,4,8.667084149454995,11,0.1248208139668483,-5.598833149984612
381.2075835580711,-0.30270647455689237,7,9,104.25528432878298,7,0.7942106625494054,-5.061930841563436
245.4518409517176,-0.11529738335433315,5,7,147.55183878951203,9,0.27576756825135695,-6.765089559457614
488.7128330883843,0.6409891417323585,1,3,35.87701563238884,13,0.8770905810181889,-11.783605978462866
484.9789179768445,-1.8595016155559154,3,4,21.337405303079425,0,0.9440420938253978,-7.0545685252793096
200.71291833014567,0.254554159082248,1,3,18.207740913364333,4,0.14879596940511564,-2.59751945023862
298.89940235695417,-0.5198639510241874,5,11,45.49127213513933,2,0.4626756050653935,-2.1208322547604253
220.35132392670786,0.29248146524540264,4,11,15.156871651597005,3,0.9809873781626851,-0.6708055487584821
213.93619775098705,-1.1616650772652415,0,3,103.82420125411979,1,0.4834074359731466,-4.927766535629879
114.75477894181311,4.233690965179265,7,11,9.343769719509403,8,0.8635475225145451,0.9375571663329043
343.82573359195874,2.1551471748783406,0,7,76.41331922246846,2,0.5887315221313199,-7.969135952927026
301.07160929154463,2.753716234011427,4,1,149.50452807794653,14,0.37532990791960186,-11.081341072186854
120.59150049999573,3.5241986702513683,5,0,122.09554042590283,1,0.2857835555258702,-6.58765968031213
211.45858569464457,1.4890953925034012,6,2,92.28291573465164,9,0.20322309108608727,-6.440735200841613
463.3063543866615,-1.3915579833880343,0,8,45.938043117991754,10,0.7617981913776972,-8.279405790748541
195.82475626678897,1.7597457927298343,6,3,93.58437544374577,8,0.3865405068230279,-5.0722537714003355
157.95794883648924,2.107887826146154,0,9,79.05621958674774,6,0.5112754622007512,-5.137143756447114
295.78110411102523,3.2180763192903097,0,4,63.91250758355572,5,0.4923254800011819,-8.886961353357359
494.2601816442403,1.0216168236077556,7,1,19.606556511029922,0,0.5772790292331312,-9.12644302244599
196.82210860460015,-1.1069378804310537,3,3,132.99063228607,4,0.8655771456245522,-5.146123358601172
368.8542189623514,-0.013568659408928596,3,1,67.46769732319838,11,0.9807393435834294,-7.811128512273615
404.64784613148703,0.5415760747904459,2,1,29.19337677311476,10,0.40758420857381694,-9.016511809625031
195.05501759695989,2.521420689321209,1,3,55.163902631593444,13,0.8275189221063031,-5.788529926534517
391.2865394447438,1.995448132682383,4,5,62.11946287933905,14,0.7645277946547177,-9.422524335044221
247.11325308770128,0.4926770812849237,4,6,124.13068433503115,10,0.5735289514555733,-5.940519474589823
352.92233223743176,4.905606741550858,4,9,110.0421570842103,2,0.9560471436119331,-9.254229295587642
353.41188430435784,2.2404237354982097,2,2,115.39573404620097,0,0.20047451552840279,-11.391313771416423
314.3098736299034,-0.33941245784803864,3,2,1.654689664297082,3,0.10926421030962141,-4.421394938366519
136.11590802176332,-1.2875226916571738,5,9,62.423099726964224,12,0.8539619669554221,-0.8875454643392584
434.1209982356952,-0.9299860257096757,6,5,72.20162274529855,1,0.4391498166337483,-7.085556290948051
228.31202598869433,-0.27829590130844295,7,11,2.8788415234585027,1,0.8469688542070605,1.5868961857865995
174.6074041599417,-0.8752303871831102,6,2,38.97198131175513,2,0.8930902051954149,-1.9450167319562035
116.31005662190557,-0.6940308316408597,5,1,114.04347346832024,7,0.06245759361907144,-4.683711510333359
336.35717727529675,-0.004333819143070183,7,7,20.56645585934986,7,0.8834647629860607,-3.431149322067887
371.02574473691294,-0.7863848329367162,2,4,80.29651971788874,11,0.4483190553694222,-7.6509512393049555
106.63513157114247,4.277357972384976,5,0,32.28028080258562,14,0.5104324890042322,-4.217921938855725
304.8372233197124,-1.4383637803685045,4,2,1.818116196583991,6,0.6265925110932102,-2.9776876641025316
190.59831007917518,1.6715797269917827,1,9,36.18021863993122,5,0.9263826067300868,-2.8950682395830687
358.06911616377994,0.8727777889276305,0,7,146.38106323650806,8,0.01911609442976403,-11.652550639377573
169.74657160199658,4.8766503183602445,6,3,120.23056678244843,3,0.4768434683178171,-6.945159662296092
376.37509524098635,-1.2157276848236336,3,6,143.936496648155,11,0.6877220424305607,-8.05205598905381
254.69413852021495,0.7849891933201913,3,9,73.17810658895436,0,0.7227069576982285,-3.1840490034548026
474.6919954946938,4.786293032927582,2,11,16.460429801625526,7,0.692532431537108,-11.768155146374841
155.0083776583973,4.0585498812578615,7,1,82.19392334605395,6,0.13443512940812186,-5.184691647964026
236.4265404201034,3.7195044966449595,3,6,68.15660018399413,6,0.29939558837168123,-5.985474439653547
145.38940849623563,-0.19468021068542107,4,4,126.6535624109424,14,0.35871552541701346,-5.880108430844938
469.8774473114251,-0.8037868882695394,6,4,14.712387117636688,2,0.804437207679505,-5.933780834884053
450.9357413523924,2.680502539471017,5,5,73.23617055326673,3,0.278759872414553,-10.055120325280733
203.17665108606224,4.505631923893101,4,8,22.50729970409764,9,0.21070496386720317,-4.6506424032026334
363.99361841367164,1.8973402510975084,2,5,48.701389033508995,8,0.9574480190380962,-8.30773089602383
426.88888008048633,2.001288826289299,4,11,110.60356160816995,14,0.0088632851134689,-10.476103702201911
322.0803246397849,-0.04014634437801079,5,7,71.40271940531498,5,0.9978208556819782,-4.457315171153211
311.8602313424026,3.3864505323435585,1,6,56.3832427718654,14,0.6768212988573956,-8.275877986482932
196.74091636018068,-0.6906937600973364,2,8,59.171441785505294,14,0.8284692994491171,-2.6509595656880167
137.2411071223597,0.26575465482970584,1,3,68.917015260898,4,0.29461939634619316,-3.4527302373514703
458.8863031813307,0.9780550703149173,0,1,117.75248157555853,2,0.014315277667059978,-13.960462783640295
460.1672228653322,1.5532726507911851,1,6,133.81270334103516,8,0.73786951856153,-12.9575744426874
353.24058290930714,-0.30313187309443834,0,5,143.30020297558923,4,0.8341445970006758,-9.1467162642612
235.61191641948028,-1.1961422268255752,0,0,118.03550793829426,4,0.7404761319535191,-6.521466212740667
239.68382984506437,2.2743402970914284,1,10,47.31103436220191,13,0.1428502873008386,-5.664110253335228
390.38227154809573,0.0204138726817904,2,8,103.22020591298133,3,0.7534279222569691,-8.910931782625116
458.84410398103086,2.0686675499582856,7,8,65.6404686083088,13,0.768922782107641,-8.960495102611729
454.8345697060469,-0.9194609930805839,5,11,38.20059330690768,3,0.6585405156700549,-4.894003286209851
411.9502183430495,1.3679807129837225,4,1,126.1307369138884,11,0.7661159327955862,-12.034558885066213
356.8126584617151,1.728126027861101,4,2,5.763952344348749,0,0.8459214396777321,-5.283247028921346
133.65598599801953,-1.6372352422430116,5,4,135.26429882031354,6,0.6136041142374584,-3.537607163128124
164.6514856378455,0.35622994735744395,6,4,69.22161969371012,8,0.08860471396967906,-2.7521214016639757
459.4216754108317,-1.0590972614271803,6,0,95.58022152124207,2,0.48762780966721087,-9.968572525942285
342.57162386383595,-1.5563752066906258,0,7,98.9030883308674,11,0.07764933467160506,-7.424611728485165
103.67882064665186,4.9297216267296164,0,11,134.26766110598047,12,0.40754303103243084,-7.338630850317346
140.58861714641284,0.256476914823061,2,7,95.5004523250811,14,0.40710648912562764,-4.167278832208837
365.40070764322235,3.669121120982444,3,3,92.09003771400927,1,0.06600984414024158,-10.869073020961146
102.02463353848748,-0.21751541665365304,1,6,9.997806084103495,2,0.3488205339694793,-0.5140079072499228
164.32322056699945,2.7705190555675046,0,10,77.76120329178062,0,0.11099809879131484,-4.2125419829315955
319.49351574663444,3.3215950192278054,4,9,22.525350122556247,5,0.8082352100092222,-5.557370880511638
376.7580790770773,2.1694711842549097,2,2,110.61506530822284,10,0.9476880259644708,-11.946065512186122
360.7845038010402,1.3010333198511086,1,5,76.83328812190118,10,0.0723164752579386,-8.438455985234059
189.7077237842239,0.8828863990308795,2,9,102.034166881253,6,0.9551152072917014,-3.594573214187224
384.8716885390144,0.4420778658009672,1,9,6.25093509035764,10,0.5225765993367452,-6.689516020913274
194.89963499872005,4.506704009734781,1,11,12.718802406870482,10,0.2995656779538739,-3.814493254034748
230.1598792637071,3.8143358545141037,5,8,107.44850820940233,1,0.07686207527616351,-6.448251508862242
398.59656204720966,4.755188374665588,0,0,10.812650399801004,7,0.5006242680704178,-10.965794818773352
359.85315961888585,-1.1299194356011868,7,4,10.68850916478879,13,0.7945155444907487,-3.3817446638651125
439.6893641976712,3.1160723264255097,2,3,1.8162712852331175,5,0.7070864772666982,-9.73658398665299
363.04515692013734,4.568383197747265,7,7,143.475209744922,13,0.05022601146397376,-12.567758449529896
327.32344133418866,-0.7313685368403791,2,10,110.62625391885105,3,0.07290183536790351,-6.601234616984907
137.469907131237,-1.5345261284325575,5,11,52.98771127530962,4,0.4028732826326371,0.5852887592457745
247.0863212237734,3.187844545030414,4,0,44.48033719314829,7,0.2952904940479433,-7.147981763432112
206.08094707269018,2.0213117922593833,7,8,52.45548446187743,13,0.23238432305604784,-3.0942809036973946
197.5958573516334,3.892801437307904,4,5,116.19802967717727,2,0.2810044989087136,-7.298694863447938
489.2042219009782,-1.0215933636159735,6,3,99.20559166056216,2,0.8034827432968846,-9.160720803025868
257.23908986670415,3.5668711830192317,0,11,27.779335180120192,13,0.9292280536318539,-4.983932173711296
456.8186220708453,-0.5886087596657883,0,8,26.11640030011265,14,0.4051026945275664,-9.027606855241519
352.45545039890516,-0.8544083999400685,3,10,14.759347457009596,13,0.9061110021324971,-3.38160279674611
417.9245214166594,-0.8501394144830494,5,4,99.04540795520072,10,0.32149570124788196,-8.39278791472033
301.0548372420768,3.7020230416196744,4,4,114.6558993332604,3,0.4764369863437916,-9.137816165549392
330.76155385054363,2.656380544873401,1,11,39.756964248750606,0,0.22602899781599972,-6.33653324316289
297.00707752754556,1.6614579733838353,2,4,3.141744154636922,8,0.640476042175844,-4.551617950794437
178.09719511921782,0.5118133888645175,0,0,12.325750121464102,7,0.9789811151748089,-2.9736758951115005
388.9808461046021,4.140403785691758,7,0,145.17900522675458,7,0.6034930960433786,-14.46000613222999
212.30894497634233,0.7471157519584475,2,7,44.31671662161304,13,0.35781408411354887,-3.6467339026727235
109.72638657258153,3.7161960763010393,2,11,115.38347217572004,9,0.6478174459905284,-4.5242250302854785
358.1889183628671,1.073944359991529,3,7,93.69953532813956,5,0.12292067846538757,-8.50013709176212
170.84427176281957,0.638611005974353,4,11,57.29094594793438,6,0.8886590802653986,-1.1765156760862148
476.18343374116574,1.2387584996872452,0,5,30.853089329333265,5,0.5030839507798364,-10.273310210810532
481.5714308010349,0.10964511914899466,2,11,18.207962723910963,8,0.44934974203964206,-8.095094553064106
465.9457560881794,3.233265661233758,0,10,92.25194520583,2,0.5858647884535192,-12.40732067225741
248.06348010217775,1.519042730647354,1,3,116.1950670956682,13,0.6247838627894025,-7.1980996161175135
106.18264661154697,-0.37451113397227886,3,1,96.58563803116961,2,0.07177580622651303,-4.008644528932712
471.32742503509013,4.297022012921979,1,1,79.54531998737374,2,0.6826172212234024,-15.253883523595254
271.2736593269257,0.6872385496124798,0,8,6.292683514745439,9,0.24193168031552958,-4.108199057572624
486.6619276174678,1.8048700277979202,6,4,145.27331663915757,2,0.7139526325065898,-13.196766936512693
485.44799083570115,4.345304776751829,7,3,119.80712874818619,8,0.8225347943841967,-15.069005028794937
441.203782186944,2.3696659713979447,0,9,43.92330550514471,11,0.8039585075525203,-9.773692945989142
217.77955682783426,-1.1817137150414516,4,0,146.9955494038276,3,0.5525009674078891,-7.154659719838993
254.0390914407701,4.578824865294326,2,6,90.28223844544831,12,0.5201698923107512,-8.22375192457585
440.45466860674276,2.3939563714999252,2,2,87.36339873108697,6,0.14287596133941172,-12.852448849969916
226.76880206251107,0.3443393025996029,1,5,112.21097691442982,13,0.7753461504031356,-5.7464657619621144
167.797098674437,-1.0250954913562893,7,4,121.76546821352063,14,0.27140938044671437,-3.145068642853291
322.72050498334005,3.558176324892072,3,4,98.4717910997254,8,0.49669542281794654,-10.250281603150295
474.4619096643124,2.340509291499595,6,10,19.214361954930006,10,0.2842740929275167,-8.80106325344185
378.4119186699892,1.7342276438342505,5,4,50.74012589917476,11,0.13382836299969314,-7.939676099842318
328.024468035746,4.257248081356703,7,0,139.21254604890746,6,0.6295576968917366,-12.055675276506033
138.8705975083074,3.5201804785717155,2,0,33.69234177657779,8,0.05433203482290383,-5.084834809757787
346.00289067966787,-0.9382758418707418,4,2,55.825053575626995,11,0.7486452341262,-5.938881115187836
496.0215400417053,0.1820544745688375,7,11,64.8115324416294,2,0.31758679526111666,-8.300871003859074
156.0336060946096,-0.2605760212987398,1,9,65.91074845416783,14,0.00013469300448532007,-3.685410100839177
307.33186094549467,3.2076240480087392,1,3,91.94093737417883,3,0.5111291392372298,-9.701157431336496
450.94922877118216,-1.7652729568495444,5,4,141.46137566170614,13,0.046851908527603126,-10.84171545275536
396.30744710168176,1.9892277940992158,4,1,36.103906774875746,7,0.27616955782089947,-8.388890424876688
378.8062963981072,3.3372108001848337,3,7,18.225206445137708,5,0.7069764874557162,-8.27116710136138
380.9936335948437,4.137359457332246,7,10,29.620573478990597,4,0.06268962162186587,-6.204495276587554
243.79646048790207,0.39457224101135235,4,10,133.03873503139042,12,0.8393384923560023,-5.736566142676811
217.43673770579733,3.7488011327040898,3,1,96.8716218982809,3,0.003819922658583108,-8.046822511152996
423.74446219140543,-1.2255778413135494,4,8,42.88601838587402,7,0.24682386920190225,-5.452007285272779
424.0453578716723,3.925166042141627,4,1,122.39204084529258,0,0.7409040561520714,-13.442845579257549
446.8289274320415,-1.107579363676123,0,8,129.2054994545154,13,0.3162701497293068,-11.007379240505351
465.2962210225885,0.7810110339225709,1,6,126.9771508035417,8,0.10189238806601353,-12.65618466722548
304.5369595443751,3.5810675604568756,7,7,137.83898004593317,0,0.3602339188004279,-8.59631116748645
300.60651787487984,-0.9505780085585835,4,10,37.83615302600424,7,0.27039328638452553,-2.987791576103648
419.31807158671006,-0.3952402333715095,7,1,113.25628931194174,3,0.8427119021605549,-9.630514069103652
359.98557231110607,3.055767978751464,5,6,69.080924591121,8,0.31334791758514313,-8.965843164599013
380.7867509030813,3.0402557558225203,4,11,126.29978293350923,13,0.7889324717760072,-8.84953183010271
418.31706777444043,2.4880334301970812,2,5,109.27360157424198,10,0.8918721448107347,-11.354635592309222
456.00213672702654,2.8576391112697,1,3,116.4671169749587,4,0.43381741957652953,-14.897912953703273
235.19806274061432,1.7990711034331732,2,6,98.42427565216073,2,0.909943143854392,-6.601033018192528
250.2331810559776,-0.2374065876513307,7,3,26.61431542045603,8,0.37731805396319285,-2.4904551972764915
137.5927759363476,0.4198719545274363,7,1,81.75403783454075,10,0.9640784164901082,-2.8604622036830802
331.3120563984696,-0.7288159823900204,1,9,147.70046092867622,13,0.08928952452557293,-9.045037812685818
114.37690951869683,4.359153929335398,7,11,140.60820997456784,13,0.6870192665032427,-4.588382713542892
286.2392072529841,2.0837425633628435,2,6,6.4760603695517505,8,0.49381404045692867,-4.915530176519432
317.05785388303065,0.8059599173454792,4,7,24.722222359415568,3,0.38764880545564706,-4.011228432590473
214.61650085131376,1.234040625508929,4,1,19.759316018184286,10,0.6327118787486009,-3.8476073906130934
336.3333042276043,4.630983377282707,0,4,108.89698649779433,3,0.7038570916343312,-12.696491782028502
112.20009997561976,-0.9265401781874387,5,0,122.66779947854177,11,0.004363269650309087,-5.145401121277198
114.93927549968576,2.1036088241175808,7,6,32.02670494660079,7,0.16695308874719872,-1.4326006712967807
429.0402242638633,1.5412207521912618,2,7,75.87790394277435,1,0.7130460506343187,-9.42389194064358
244.07625656450514,2.2801796480425347,7,5,126.10545420168,8,0.6663854135782065,-5.185762808532664
150.8242050607539,-1.8732287132541163,7,4,109.92023171493759,12,0.9660475051286772,-1.7744940120323467
308.89730402192174,4.104867362609061,3,5,81.33558082377725,13,0.761037790250783,-9.298580131400916
407.99742123944435,4.524827977385287,0,1,88.55215356881594,5,0.950772707731338,-12.829286411846809
186.32841099873727,1.9559322851244625,2,0,76.25408203744199,8,0.702540501534807,-5.70483730062936
349.15619032760014,2.876555767138246,2,6,44.63226769782309,7,0.29805220863944315,-8.047652814396256
134.1389859975072,4.457495668241069,7,6,84.75329892885242,14,0.10536492225085647,-4.447807003344073
120.67268846744308,2.9506704401937904,0,9,103.3327953075136,14,0.7818238633449356,-4.637965116115346
312.54185262725923,-0.9322266996001707,4,10,130.99843737912116,6,0.6441492214759159,-6.251470094836993
316.2540486440426,2.0340185211676918,2,9,95.4437030968872,12,0.04818601239329623,-8.30321506464382
354.9719605992826,2.247005324679991,4,1,114.1682305564737,13,0.36005046590097833,-11.69766531576404
390.43653348906463,0.9689146991167021,0,1,24.010745243185948,0,0.9567998154842862,-7.622874303719081
490.34083178501385,3.1551096493730597,4,0,69.23362116296849,13,0.5004011457102012,-14.891171942255413
306.52013932047817,4.540569103383104,1,9,1.3997429740639944,11,0.43272913601970464,-6.760425213814414
229.1825891764984,4.478979590347434,3,7,37.00182967824345,2,0.457699605159294,-5.1095855132544585
418.0744779074815,1.1558755998289247,6,7,108.96925726695072,10,0.20888272400516372,-9.178096660922716
208.3329005048297,-1.2073336791147131,2,0,148.77149270240452,13,0.3687071708647952,-7.222985927258317
275.5885682822544,4.893888392736342,5,11,14.876714938082387,1,0.3698132559871766,-4.3712911329215185
131.3825525369064,3.8722866051215385,3,10,60.22414737919324,4,0.0523550201874724,-3.181512286177152
110.140297366183,-1.1273612315771322,6,7,120.01064530487392,14,0.7675676285179183,-2.5662066632042224
485.05936587117003,4.445893178321606,4,8,30.605345194334827,4,0.416504431903879,-12.164329529215147
434.3920482048823,4.089274534434898,2,3,83.26274239534294,4,0.8221798868164233,-12.953959916021413
378.38968243747917,1.631866399882505,4,0,109.96069440445122,3,0.8503480011198954,-10.545927243126664
263.58117776570793,2.1389280502145045,1,0,92.39781753902686,4,0.21199405469865806,-7.133782484549274
169.3177280283383,0.7930189270909116,0,2,28.20371019231242,2,0.6573534821701286,-3.0762656091468443
162.5748170684344,-1.6166685282457807,2,4,53.30768530286091,11,0.4722818041629817,-3.0079777194560413
200.09715926583812,0.34638069152130635,6,4,117.56876767280959,0,0.8801567379214851,-4.555014788148624
319.69066588244823,3.6199741401860805,6,8,83.1339771198025,4,0.21574067917645412,-6.694006440965202
385.83836908002496,-1.96757583896778,1,9,0.7844420314369105,12,0.6778132003100442,-2.559517750888303
364.0789506870925,0.33449420183800926,1,11,114.14861400421408,8,0.6077521222527226,-9.192782133649338
211.97355877837714,0.7871808551366031,7,1,5.2967032410358605,12,0.2953014775718328,-3.7761372135068654
481.94611226527763,1.7617692205654603,2,1,111.86006740968482,8,0.1366009036511726,-13.56731661173531
395.1587666783074,4.438989314889323,4,5,30.37208402478561,3,0.6516397604772766,-9.003171818541716
321.7416210045603,0.42442196056172854,5,8,143.71102201790703,2,0.7385974581323307,-7.684628174064165
344.6882984937409,0.42867241327359373,6,0,55.19111269531267,0,0.31562734376335,-6.18218203057308
267.84002497111595,3.1625087367682383,6,8,49.03974245071186,1,0.6448326040223138,-5.449770087507317
199.09239580046298,1.1655255862286502,1,8,22.333207549866703,7,0.39513090761150327,-3.0652389559251616
242.38907146050462,-0.42776623942012626,3,8,45.84063232353223,0,0.7132068832826177,-2.0909909552063835
403.13844418574763,1.1670766129288537,1,4,131.49761427423007,7,0.1992152748940531,-11.63028284852094
105.75739545190234,-1.014000857341401,5,8,149.4501506440871,12,0.8902150026361744,-3.782267557203062
146.4290562027665,-0.7652910944564368,4,10,55.24642957602725,6,0.28740959646557973,-0.5340495111473428
118.4010568087011,1.4885744091763584,4,3,67.29159464318138,14,0.3677859877561529,-4.375201475654033
116.29152092758805,0.9324781465318353,3,1,108.31064073041055,7,0.058091952080349785,-5.183857896951677
442.1842336044029,4.4039213074767005,6,5,132.92936706976118,11,0.1115122123212764,-15.080910113833108
381.46314375200944,0.5367572938164318,1,3,88.95665012801763,5,0.5158619027123281,-9.492088653673827
289.6695316349301,2.064118451946304,7,5,58.7288547266744,11,0.2675926767279715,-6.203965704246257
139.1336642604006,2.425850015436713,4,2,61.89327612729356,13,0.8354802257421944,-3.9365100329847955
296.64635004673295,-1.9083388038816644,5,5,104.34272197452103,14,0.014693388654953843,-5.012198986004643
289.3887083122263,2.644761604116974,2,1,0.48273954064180224,14,0.3790940486719362,-6.517742155625703
169.28074796400608,-0.7537482319117399,0,1,92.9384006189761,8,0.3373455467690927,-5.154783057921791
273.5406596951892,4.727492222286186,0,8,53.32395156620361,2,0.019327630917601035,-8.38000874675055
259.40189375894937,-0.9593609057282093,0,6,119.12959969156263,9,0.12436839900051022,-7.101471217417475
346.3400392208866,0.9023688660891662,7,2,13.948595973469825,3,0.41364267491863527,-5.0203456093411045
354.0374603470575,-1.402552323449493,6,10,88.23034004225858,12,0.49286458444744663,-3.0273970054614363
118.1216039088178,4.978119762921631,1,0,72.14593348291857,5,0.4042897472548691,-6.6022484109735
249.8450458505885,1.5153650723186982,3,7,96.34882888578412,7,0.5309376784120938,-5.241914496480786
350.3439662856946,2.167695121240307,7,5,9.728039172445252,4,0.5951316749056815,-4.437532319453457
301.2545034320351,-1.5304646582810078,7,6,86.99756811421969,2,0.00992382112783563,-3.123707234342894
442.5959364753289,3.2497232927942443,4,8,84.22268819392856,5,0.4640951594535039,-10.215958705289799
363.477452647578,-0.5306608483308997,2,4,84.09901416242563,3,0.9634992408875883,-6.880565580730567
165.17377083257188,4.286380026084997,7,0,90.52314998946822,8,0.5190322801295487,-6.184987893966494
128.22749896017194,-0.5640225166259498,5,11,101.47019058395433,12,0.6775422674589532,-1.4632926916641769
356.96771128252624,-0.665185955354334,2,9,120.74834995211546,2,0.3118638579168832,-6.735556795999265
110.60452421664873,-1.744152325063336,5,6,40.47310801923215,3,0.7739913781527625,1.4353540752014173
334.3102325093853,1.304468615769995,6,4,123.75741152700931,6,0.7729214818761151,-8.621437793614787
476.092096569983,1.953887932838315,1,2,74.73835233951804,6,0.521296047654139,-13.487191060543859
330.1896711503516,-1.5400395240015334,0,11,11.558741870149674,11,0.9760138232792136,-3.2615976132415736
255.26797048260877,3.4286933168650737,7,8,8.78263938659688,11,0.12555021476265338,-3.8525601778809793
357.3152873769413,1.1730218432361932,1,0,50.13574780440912,3,0.016947664889580993,-8.540849131069756
283.30115619660666,1.6707318852930602,6,0,117.73454656672013,5,0.770158211757096,-7.5559460499416025
318.24671572637396,1.0853392285675971,3,0,106.15214021113736,11,0.8071555373648825,-9.293689907032618
476.5859235106101,0.8053414261272818,3,2,118.29224470086096,12,0.12020722912057624,-13.735721612928087
254.4410551203097,1.917482319157525,6,11,77.59035846624141,2,0.2655828329586061,-3.3021493999323557
484.4762255295657,-0.9133182784850125,5,5,66.02984969332358,5,0.01755236336662891,-8.364621533457445
462.14025678242547,-0.7265030865331021,4,9,22.11787900594259,11,0.2933086107805647,-7.945351736167715
178.31645391571857,4.032499347094621,4,10,49.22891304139673,1,0.7731418739186715,-3.1746953382375493
127.74452035006618,4.622808234935429,5,2,65.1029049260813,7,0.5179605277125789,-4.6109691588597865
140.31120055097065,0.6131652139582706,3,7,13.290064451942584,1,0.3480955931682881,0.0532482875505943
107.28873026061989,-0.10478728799512371,3,9,33.09179290668169,10,0.3717392949063303,-0.9182271387719467
137.77718430237135,2.5079968026731105,7,1,89.73379410956082,6,0.0013536257154681541,-5.802240530844372
373.20270936654276,0.8611391976866747,3,8,110.34946713587847,8,0.2998005275652359,-8.570601434858293
128.4754593840916,-1.822295510377586,1,2,149.75212670894246,0,0.6464587416379305,-5.08706375695892
227.59025211750452,-0.9069318184366675,3,4,139.96699970153364,7,0.9741944438163571,-6.556213250914
437.95012438778184,3.0118056019317825,2,9,96.38477993027873,6,0.8470608269838995,-11.87621391445688
109.30877429433035,2.6124675933710595,7,7,63.1872079941108,5,0.023594964645529126,-1.8221258569787377
425.7873930355743,-1.8103280524756156,0,1,95.42660470623491,5,0.8985606046748393,-9.105002912876072
212.74190990935998,-0.4461948664693538,3,5,117.8477427120348,5,0.7831984132986259,-6.072227347614423
147.2659310486625,-0.38247642388350034,5,11,17.750428638508097,8,0.7803761235709804,1.5493852490203295
378.6948661456603,2.7032492051910992,0,4,61.485733454443235,1,0.4579957590035715,-9.170768692953917
351.5771387119536,-1.8620262357194508,1,9,125.97034284534259,0,0.3980052929545028,-6.089287955238616
450.98880541082116,-1.2712399261079832,5,8,57.5749427899566,12,0.3029157288331926,-7.515873548507507
394.02841752155433,3.599412597612326,0,11,85.78084068407799,11,0.06569485895436578,-11.869096690951897
421.39237215393945,-0.7501873656196647,5,4,88.16540412932973,5,0.2282353634936991,-8.093595428493924
212.8138290285226,2.569222754963123,1,1,27.671437970045904,9,0.24660363497802462,-5.460087889297168
170.97581751188915,-0.33272053267291435,7,4,54.33531624784326,10,0.4840770697102016,-1.5662526779962735
400.24590065634334,-1.3039102506845839,2,11,50.176693311289824,7,0.747444406596694,-5.587155097887499
422.7338957069056,-0.2977946630038213,1,3,3.9295062798097193,2,0.4738098283979466,-6.746584247367893
496.2020568002693,3.0558685229896145,1,10,3.628764583703287,11,0.057844449447160606,-11.243413843006172
265.0470707645706,3.9898752767439998,5,6,124.75455655136602,9,0.9577898009882039,-7.65266025691753
248.80723431711326,3.811539051968941,7,5,40.96062149592186,0,0.9427243190941123,-3.8178074890045566
410.56518429679875,0.7802847073291836,6,1,77.71181493582232,8,0.7851895431484084,-8.734073862711591
236.32141610120715,2.6765959559945234,4,11,44.80883603831596,12,0.9913279015642206,-3.4211394708216885
472.3029302414259,-0.5651099320892532,3,10,141.10188676730107,12,0.5444823328002629,-10.51305904767276
443.3651007372047,0.05203411182709283,3,10,38.894513829866064,0,0.9627683502532061,-6.2988302982954565
271.5976109500074,4.274350729647838,2,4,64.44852191084026,2,0.07560504061675077,-8.239142141683727
400.34842711659894,-1.9089865354248476,2,6,130.90953757269028,7,0.3656807482613713,-7.718822936136888
401.81714963387293,-1.4014402840187234,3,10,126.29003501877129,13,0.22538126800676583,-7.971588086192903
141.24954753437305,-0.5447962139778086,4,6,27.915212676941596,2,0.19583308413427003,-0.6906554452291281
461.0211626718267,-1.8142745728832619,3,4,120.39649646935656,12,0.14080294889267608,-10.590913812187962
302.10094897914286,-0.7299519543714188,6,11,68.7280330106839,3,0.6224136415659967,-2.0673215546407713
430.5829864430967,2.0812909267878457,4,8,72.44533081280328,7,0.7813218557473051,-9.087866068699515
228.0198404122447,0.9499718541474858,2,3,20.021995862391567,0,0.5782983994203607,-3.2906457683067702
458.2092913984802,4.248701977538824,0,10,12.090227063568697,12,0.14696270958820967,-11.776324278018846
255.68067149366524,3.7221049321690867,5,2,109.19089604606478,12,0.8111237699334709,-7.837215756750573
104.33506059211935,0.3927214618851318,6,3,74.46917285329496,5,0.6359547071637285,-1.4908059042289314
462.15279056770544,-0.18403596598095273,6,4,65.52760539227694,0,0.3881657061269955,-8.102146514254912
136.51467071445342,0.6578468571708682,7,5,109.42623429785951,13,0.674130295536063,-2.996593609498363
227.72545503616595,2.1320645976036543,2,2,114.82693484866647,0,0.25990497924283285,-7.972119450879566
480.024786820322,-0.12355451423986619,2,1,23.836225150403035,13,0.3451922084942105,-10.112066042014776
480.24285877502246,2.3690423549439377,1,3,91.53377242164619,7,0.9174858431319902,-12.630916285355323
329.37515524931445,0.8658815653386829,6,4,20.303112341652827,10,0.2905045056714204,-5.242092342935963
352.73488486791973,1.8643302659638614,1,3,112.70626290435685,3,0.4699882681579366,-10.69960355027826
279.3782087913279,1.0528857039472168,1,10,98.54327344007093,11,0.8901411373960146,-6.860131383000973
217.28430867922583,0.06126031679342381,5,11,143.4921931625187,0,0.7077213502675275,-4.564395963582532
231.4658181479664,4.639173148735097,1,2,10.343702453463177,9,0.06220322616470275,-6.928950590736854
369.00738243081537,3.3452405591183254,4,7,8.558208172688147,6,0.14730304427897034,-7.264002289576106
400.949811775072,-1.019207769634832,3,9,42.32806120398002,4,0.007841590771916818,-6.178171465659429
416.6316174903394,4.07927583128539,0,3,39.2558525603859,4,0.6309217902291634,-11.483672307268053
415.8472571178215,1.4120183877465955,2,1,37.04681986079997,0,0.4476734254104183,-8.560766967048064
136.48244121947613,4.26186558825864,4,1,135.9381870781555,13,0.13427485090227553,-9.1640757971281
297.7681218810326,3.598986791631207,0,0,37.431929977425916,9,0.9579341210567704,-7.666725307651458
123.02350400665772,0.9764945312846343,6,3,40.79245891929465,10,0.5296597239456199,-1.7072568524842326
319.8115529294942,-1.8427148417591783,6,9,113.90973936269455,5,0.24189329411288918,-3.3957216839106907
276.6122005493508,-0.11925848430537744,6,8,67.460976367581,13,0.5006035711547075,-4.047529198754089
455.08167310331993,1.7914395026260683,4,10,116.50658354327719,8,0.6796203327351078,-10.582800551133444
240.36600502083147,2.4343475387830313,4,6,9.804923634657786,8,0.07623921797356448,-4.409693784398027
146.82680657104234,-0.19478620196758412,2,11,73.13567905100764,7,0.274703815047892,-1.7196637952750615
157.19667282113434,-1.024507481490231,3,9,5.042040027492395,4,0.8069654908839936,0.9199766330413679
404.6042526869889,3.8445116575950937,7,6,9.397980518303179,0,0.45966487040266124,-6.8027533725384135
347.2872253265044,4.890815264924865,1,6,135.96561800166165,8,0.5465771420322949,-13.509435188796951
140.4490704491161,1.6798312761188008,6,7,20.886805667639273,0,0.43281600220946925,-0.6287884517022813
133.64272244599897,-0.7982449990618754,5,0,79.86310234128257,7,0.04389994264300512,-3.1742317953502335
380.387652583648,-0.09384871436441733,3,9,61.664340390105984,4,0.16574977982015593,-6.7154471638442725
129.1052025456774,-1.8712652641677328,5,9,52.1014989388264,2,0.4455416387418909,1.3662891577681913
428.74402371614246,4.400091645923493,2,7,134.97500185309087,10,0.20918546540792782,-15.628978442493166
382.4968908625985,-1.175742419769012,2,3,3.273509516323425,6,0.04997902865967874,-4.863940942377798
132.5395122567599,2.035615328599775,2,3,99.56845292633837,6,0.8436496640518237,-5.696221012684978
133.93508563407676,-0.08161345518955798,0,3,144.50916513203256,8,0.9811925291641158,-5.999512037668025
494.65583140047016,1.879246017610554,5,5,84.02522751927629,6,0.7931428739967394,-11.454812667309394
249.70831830244813,2.5599427184630494,3,6,140.52336930496378,12,0.853784921704667,-9.025718824857643
248.25685882675637,3.8081926259504115,7,5,7.8386818929035655,10,0.24197713031704537,-3.8436256603937204
425.119826903001,-0.5550510976757774,3,0,62.81899786112421,13,0.9606269755131998,-8.85198961054459
478.89943095354346,-1.9230291993906365,4,11,39.023668644307676,2,0.19692570445342839,-5.542446866546356
494.4004255291484,-1.041800589518349,4,7,109.62314474710946,10,0.9514298103618323,-10.457079054349103
401.35127410357666,4.300130492936736,6,9,147.194563574587,12,0.994819293965951,-13.14185882391247
250.5038342123663,4.117230542937607,7,10,38.479509366637174,14,0.7117228057460487,-3.624216788731541
133.4002866794675,2.181891715192158,4,6,98.12619022111117,13,0.9811437317918219,-4.968809794888298
410.8587663709747,2.203618023035574,2,5,29.71464491396102,12,0.5695397795671037,-9.288417195215494
323.361699894322,2.655256721823788,3,5,84.79953818574148,0,0.25954178317609033,-8.156835566874822
269.6888036987905,-0.7724010496358529,5,4,69.58987300325043,7,0.43699588566562086,-3.789762517149026
462.5417540378944,4.400883621474718,2,5,145.80079944473056,11,0.593560935378786,-16.783626345996296
144.47899292246052,0.9313936742445117,0,11,91.27909090446998,2,0.07308156202701499,-3.958991034249361
297.0500417163437,0.6819696977464824,4,8,52.42595581302282,11,0.6223432646172461,-4.315411256633504
104.54145790696762,1.6324239369798628,2,9,17.114367733190004,7,0.9811778367622945,-0.49415170745790976
287.4642567976505,-1.6712382325746147,2,8,22.687024310240183,7,0.19010764978372763,-2.4114898035357353
122.52131027273494,-0.8360164187074441,0,9,33.79753949268526,12,0.7925951162883833,-1.1752303078494455
147.52716650722877,3.1662353149845934,1,7,37.6449992010447,4,0.9078987937796194,-4.1318021538605105
147.01049871084194,-1.4204093245241147,3,9,127.59240867617068,12,0.9437015928202208,-2.6762156395002483
359.6841208464254,2.222064766264717,5,8,84.18341824237874,11,0.9601356044054472,-7.306594777234477
398.41795170616933,-0.2825562322307533,6,9,78.50863670615496,12,0.5214596387214719,-6.839954498918272
333.34750603886386,0.7250692982938358,1,7,17.215330780382622,0,0.9773079079915037,-4.985075307508299
484.86901938981674,0.0208561573948991,4,7,129.02095400241524,12,0.7573102071344389,-11.749087975141942
249.94823180948163,0.48970901525464416,2,0,108.42214548127257,9,0.1616714362369619,-7.930598931667369
214.28483451274428,3.0333213362897187,7,9,10.150254285000237,6,0.47690010646797,-1.258631582779644
447.4396512757841,0.07985200936222503,0,10,106.1752645844653,11,0.718331175372004,-10.028784709955188
189.43833540778104,1.9648324820782803,0,4,81.5307326013969,9,0.24734031581908333,-5.848362448903837
485.2890157762445,1.3323528153936977,7,3,12.258801862016739,4,0.6406151835488874,-9.36169823317765
104.86178987592653,2.645698157538537,3,1,68.74509622929847,7,0.6666004790466192,-3.943492824625343
487.95153068305564,4.557808175273306,1,7,72.70444306950705,8,0.1626997438085659,-14.11721495351291
117.26396478023045,3.1280046804717525,6,2,24.86618102449136,10,0.5650853124527563,-2.4913211987545214
456.45724547922845,-0.49541734986470276,3,3,141.85472205004234,13,0.7716269109786077,-11.661834149785724
311.08044363451995,-1.7817180545710074,7,11,127.4963057220993,6,0.4988956645359419,-2.277216495997552
497.18591844772016,-0.16415168990122453,2,6,100.35335059936625,13,0.012103116776107425,-11.97988104516968
129.51862589415956,2.165545514901784,7,9,69.34433415009109,12,0.009038469079292177,-2.0113175425109104
321.5417137605283,-1.6400193056102474,3,8,61.764831237676276,14,0.3570293439700122,-3.9712917119157076
487.7210142476396,1.4745637304086543,5,1,97.64602007264313,6,0.926194068431782,-12.51361285482724
309.2391376680595,2.1778999424182244,0,2,81.81478041103583,0,0.22867677960360877,-8.580321147506545
351.759455254105,0.33970723571872563,0,3,9.340965882282843,14,0.6343636888716871,-6.933112171509781
378.29947559384686,3.3963854262207533,4,9,76.87539731554975,3,0.22207587069332058,-8.027603531577252
281.8164259071093,-1.2538122280635973,4,0,120.96054258492592,1,0.3216699896595486,-6.876705212469887
351.0232320336254,-1.4740355278493387,7,6,68.88598163954372,1,0.848042089601484,-2.6340352967195964
333.72572476924006,3.0973212934252237,6,1,7.793486633140262,1,0.7288614422699469,-5.960963240337011
460.46320419639557,1.4684392134433892,2,4,117.94172990760497,3,0.09539927731321063,-13.517504472386683
118.17855213658315,2.8188167749941524,5,0,30.20456732039616,13,0.4287020209864336,-3.617638544945922
212.38527583689213,1.0437913702262236,1,2,38.793125233205814,0,0.029169763645264468,-5.3553888444087345
480.1645936306235,-0.27518576732625233,3,11,24.705953014844383,14,0.480890146603009,-7.524235653086981
456.10551355636653,3.733716223719398,6,1,49.53225973072463,3,0.6624340117010681,-11.245824642706078
282.26270111428516,3.595911152782855,2,0,113.51272585329525,1,0.11850262359815156,-10.391753564663484
348.0530391206147,2.862875295980987,4,6,77.9078789255906,4,0.28888493890916567,-8.317341167999734
210.95247319245306,-0.09498403939026101,7,4,30.732191122606885,2,0.3978366255021569,-0.4646158996572096
175.24846388950454,2.1316146680836097,3,0,131.67451172280613,14,0.9195310246560497,-8.108993921716781
285.4793619759929,0.5268172785801877,4,5,131.93727824272938,11,0.993255015422964,-7.972127722569411
241.34089121042112,-1.358925486713561,7,4,130.58676375690104,7,0.044911298995615856,-4.181851445702013
333.4624447403488,4.421195028235699,3,2,35.81943170723089,3,0.761007923495392,-7.509637264637076
131.09385478599393,-1.0422695835672702,1,11,67.68590162714821,0,0.37172406640234323,-1.0441587560738363
489.7579230664666,4.651661476745617,2,6,147.74844842113126,0,0.39245818622948003,-16.367225623838976
494.48429779184113,1.12204041070569,3,10,115.80187144649855,11,0.7542649733470227,-11.443481127009193
